INSERT INTO "user" (id, first_name, last_name, role, entry_year, group_number, speciality_shortened, profile_pic) VALUES
(1, 'John', 'Doe', 'editor', 2020, 1, 'CS', NULL),
(2, 'Jane', 'Smith', 'student', 2021, 2, 'CS', NULL),
(3, 'Alice', 'Johnson', 'student', 2021, 2, 'CS', NULL),
(4, 'Bob', 'Brown', 'student', 2022, 3, 'CS', NULL),
(5, 'Charlie', 'Davis', 'student', 2022, 3, 'PZ', NULL),
(6, 'Eve', 'Miller', 'student', 2023, 4, 'PZ', NULL),
(7, 'Frank', 'White', 'student', 2023, 4, 'CS', NULL),
(8, 'Grace', 'Hall', 'student', 2021, 2, 'PZ', NULL),
(9, 'Hannah', 'King', 'student', 2022, 3, 'CS', NULL),
(10, 'Ian', 'Green', 'student', 2021, 1, 'PZ', NULL),
(11, 'Jack', 'Lee', 'student', 2023, 4, 'CS', NULL);

INSERT INTO course (id, name) VALUES
(1, 'Declarative Programming'),
(2, 'Software Architecture and Design'),
(3, 'Quality Assurance and Testing'),
(4, 'Machine Learning'),
(5, 'Data Structures and Algorithms');

INSERT INTO task (id, course_id, name, deadline, max_attempts, max_score, pass_score) VALUES
(1, 1, 'Task 1', '2023-12-01 00:00:00', 3, 70, 50),
(2, 2, 'Task 2', '2023-12-15 00:00:00', 3, 100, 50),
(3, 3, 'Task 3', '2023-12-30 00:00:00', 3, 100, 50),
(4, 4, 'Task 4', '2024-01-15 00:00:00', 2, 60, 50),
(5, 5, 'Task 5', '2024-01-30 00:00:00', 3, 50, 50),
(6, 4, 'Task 6', '2024-01-30 00:00:00', 3, 40, 50),
(7, 5, 'Task 7', '2024-01-30 00:00:00', 3, 50, 50),
(8, 1, 'Task 8', '2024-01-30 00:00:00', 3, 30, 50);

INSERT INTO user_course (student_id, course_id) VALUES
(2, 1),
(2, 2),
(3, 1),
(3, 3),
(4, 2),
(4, 3),
(5, 4),
(5, 5),
(6, 1),
(6, 4),
(7, 2),
(7, 5),
(8, 3),
(8, 4),
(9, 1),
(9, 5),
(10, 2),
(10, 3),
(11, 4),
(11, 5);

INSERT INTO attempt (id, student_id, task_id, grade, date_start, date_finish) VALUES
(1, 2, 1, 30, '2023-10-01 00:00:00', '2023-10-01 00:30:00'),
(26, 2, 1, 10, '2023-10-01 00:00:00', '2023-10-01 00:10:00'),
(2, 2, 2, 10, '2023-10-02 00:00:00', '2023-10-02 00:20:00'),
(27, 2, 1, 40, '2023-10-01 00:00:00', '2023-10-01 00:40:00'),
(4, 3, 3, 40, '2023-10-03 00:00:00', '2023-10-03 00:50:00'),
(5, 4, 2, 60, '2023-10-04 00:00:00', '2023-10-04 01:00:00'),
(6, 4, 2, 20, '2023-10-05 00:00:00', '2023-10-05 00:30:00'),
(7, 5, 4, 50, '2023-10-06 00:00:00', '2023-10-06 00:40:00'),
(8, 5, 8, 50, '2023-10-07 00:00:00', '2023-10-07 00:50:00'),
(9, 6, 1, 40, '2023-10-08 00:00:00', '2023-10-08 00:50:00'),
(10, 6, 4, 50, '2023-10-09 00:00:00', '2023-10-09 00:50:00'),
(11, 7, 2, 45, '2023-10-10 00:00:00', '2023-10-10 00:55:00'),
(12, 7, 5, 60, '2023-10-11 00:00:00', '2023-10-11 01:00:00'),
(13, 8, 3, 25, '2023-10-12 00:00:00', '2023-10-12 00:35:00'),
(14, 8, 7, 55, '2023-10-13 00:00:00', '2023-10-13 00:55:00'),
(15, 9, 1, 45, '2023-10-14 00:00:00', '2023-10-14 00:45:00'),
(16, 9, 5, 55, '2023-10-15 00:00:00', '2023-10-15 00:55:00'),
(17, 10, 2, 30, '2023-10-16 00:00:00', '2023-10-16 00:40:00'),
(18, 10, 3, 20, '2023-10-17 00:00:00', '2023-10-17 00:30:00'),
(19, 11, 4, 44, '2023-10-18 00:00:00', '2023-10-18 00:54:00'),
(20, 11, 5, 66, '2023-10-19 00:00:00', '2023-10-19 01:06:00'),
(21, 2, 1, 12, '2023-10-20 00:00:00', '2023-10-20 00:22:00'),
(22, 6, 4, 17, '2023-10-21 00:00:00', '2023-10-21 00:27:00'),
(23, 2, 3, 34, '2023-10-22 00:00:00', '2023-10-22 00:44:00'),
(24, 2, 7, 49, '2023-10-23 00:00:00', '2023-10-23 00:59:00'),
(25, 3, 6, 60, '2023-10-24 00:00:00', '2023-10-24 01:00:00');

INSERT INTO feedback (id, student_id, course_id, comment, rating, date) VALUES
(1, 2, 1, 'Great course!', 5, '2023-10-01 00:00:00'),
(2, 3, 3, 'Very challenging.', 4, '2023-10-02 00:00:00'),
(3, 4, 2, 'Interesting topics.', 4, '2023-10-03 00:00:00'),
(13, 3, 4, 'it sucks', 1, '2023-10-04 00:00:00'),
(4, 5, 4, 'Loved the content.', 5, '2023-10-04 00:00:00'),
(5, 6, 1, 'Well structured.', 5, '2023-10-05 00:00:00'),
(6, 7, 2, 'Good introduction to the topic.', 4, '2023-11-01 00:00:00'),
(7, 7, 5, 'Quite challenging but rewarding.', 4, '2023-11-02 00:00:00'),
(8, 8, 3, 'Useful content, very hands-on.', 5, '2023-11-03 00:00:00'),
(9, 9, 1, 'Needs better examples.', 3, '2023-11-04 00:00:00'),
(10, 10, 2, 'A bit too fast-paced for beginners.', 3, '2023-11-05 00:00:00'),
(11, 11, 5, 'Loved the practical exercises.', 5, '2023-11-06 00:00:00'),
(12, 2, 2, 'Second review - improved since last.', 4, '2023-11-07 00:00:00');